Sequence,Intensity,Change
SSHT,1,1
GAYF,10.3613195286157,7.46360906944558
CCFV,14.2156144286434,2.2397004664133
GVYV,4.27473911794361,0.221971349349083
GCCL,0.638113194404293,2.14412061868106
PLGK,0.388427381943916,1.16433020827727
AAGK,0.327262646367996,1.20129745590258
ASSV,12.4763386241769,1.75438645982468
ACVL,2.12596709638117,1.36412172871971
GVSI,0.159793358335589,2.31487477486643
GVTH,0.573693807529112,3.41714184258236
GVVC,0.515434994058944,1.69447197677222
SSHL,0.525713294551204,1.29600027770021
SSHY,1.53490012402363,6.16337844601218
SSHF,0.292700112726452,3.00662040260222
SSHI,1.22784029247408,1.32726734910312
SSHV,2.32364278039909,1.27642367902626
ASHT,16.0055152158944,1.09940789140151
VSHT,1.21164352925247,1.11416601280706
LSHT,0.399511806529312,1.14180818963156
GSHT,7.35353505573088,1.71306743058901
CSHT,12.0408793436541,1.14276204123067
TSHT,8.66956898792612,1.32816811189751
GLFL,0,0
FAFV,0,0
RVVK,0,0
ALFA,0,0
IHCQ,0,0
RVWL,0,0
VKWQ,0,0
LEVV,0,0
IGRT,0,0
EGTR,0,0
PWVK,0,0
VVMP,0,0
PKVD,0,0
VWCP,0,0
RCVA,0,0
LGLC,0,0
VKCR,0,0
FYVQ,0,0
NIQD,0,0
GRLQ,0,0
NRVK,0,0
QIVF,0,0
QGTQ,0,0
KLKP,0,0
RIHK,0,0
CVDQ,0,0
SSPR,0,0
NSQD,0,0
NIVH,0,0
VFLA,0,0
HTVR,0,0
WVNR,0,0
MDDL,0,0
RWRI,0,0
RCYE,0,0
VEVQ,0,0
ELDQ,0,0
RIHP,0,0
TPRH,0,0
KFDG,0,0
HHGP,0,0
RLVP,0,0
LNVW,0,0
AKVG,0,0
FKPA,0,0
QFRQ,0,0
PFPY,0,0
NPAC,0,0
SDWH,0,0
KLVQ,0,0
HFEP,0,0
FCRG,0,0
KTGA,0,0
IGWH,0,0
LYPK,0,0
QQAP,0,0
HMHV,0,0
NRVP,0,0
LCQE,0,0
SMDM,0,0
SMVS,0,0
EEFD,0,0
ESAV,0,0
HVLH,0,0
LRVV,0,0
VSVD,0,0
WCLF,0,0
CEMP,0,0
KLLL,0,0
LRCR,0,0
PGMK,0,0
VVTN,0,0
LLVL,0,0
TLNQ,0,0
GYSD,0,0
GWDY,0,0
AYWA,0,0
YGDV,0,0
CTCR,0,0
NAIP,0,0
PDMS,0,0
LLLL,0,0
AMIS,0,0
NMST,0,0
VLVY,0,0
WCKV,0,0
FMIV,0,0
IYAP,0,0
SDPH,0,0
RKPG,0,0
LVVN,0,0
DTAQ,0,0
WCVP,0,0
VVPR,0,0
FPTP,0,0
LDCM,0,0
VVTE,0,0
RSCI,0,0
NWAN,0,0
LLAS,0,0
VPRV,0,0
VMWG,0,0
EPPP,0,0
EYCS,0,0
QVKG,0,0
RCPL,0,0
RKPS,0,0
SFKN,0,0
LAVD,0,0
PTIC,0,0
LREY,0,0
VFKQ,0,0
HGGI,0,0
VKCN,0,0
NRYL,0,0
EEQN,0,0
RVVH,0,0
LVGD,0,0
WVRL,0,0
EVAY,0,0
GMVT,0,0
SNRP,0,0
RAAQ,0,0
MVPQ,0,0
WVWL,0,0
LVGL,0,0
LVGV,0,0
VPFK,0,0
FCKR,0,0
VMWR,0,0
WVGP,0,0
ESMS,0,0
